text,url,category
Abdi Khani Umar Osman Bisha Ramadaan waa bil barakeysan ee dadka alle wax udhiibay masaakiinta ha ogaadaan 5h Like Reply See translation 4,https://www.facebook.com/MunasarMohamedAbd,not crime-related
Create a PIN to access your chat history on any device.,https://www.facebook.com/MunasarMohamedAbd,not crime-related
I'm an exiled journalist | Exposes corruption & wrongdoing through real evidence| 📞 +252613666667,https://www.facebook.com/MunasarMohamedAbd,not crime-related
English language (United States) and Qur'anic Arabic,https://www.facebook.com/MunasarMohamedAbd,not crime-related
Breaking news: Chairman Muungaab who made money happy to the national singer Binti Omar Gacal whose situation … See more · See original · Rate this translation,https://www.facebook.com/MunasarMohamedAbd,not crime-related
Breaking news: Chairman Muungaab who made money happy to the national singer Binti Omar Gacal whose situation … See more,https://www.facebook.com/MunasarMohamedAbd,not crime-related
Bisha Ramadaan waa bil barakeysan ee dadka alle wax udhiibay masaakiinta ha ogaadaan,https://www.facebook.com/MunasarMohamedAbd,not crime-related
Saacid Cabdiqaadir Axmed WAR IIDIKAA MUNAAFAQ AH EE NAGATAGA HADII AAD MUSLIIN TIIHIN 11h Like Reply See translation 5,https://www.facebook.com/MunasarMohamedAbd,crime-related
Warqabatka warka Runtiisa Munsar adiga gorma ayaa wax bixine 1d Like Reply See translation 3,https://www.facebook.com/MunasarMohamedAbd,crime-related
Hassan Amiin waxaan hubaa in ey guulaysan doonaan kuwii raaca jidkii nebi muxammad scw 1d Like Reply See translation 48,https://www.facebook.com/MunasarMohamedAbd,crime-related
Messages and calls are secured with end-to-end encryption.,https://www.facebook.com/MunasarMohamedAbd,not crime-related
Privacy · Terms · Advertising · Ad choices · Cookies · More,https://www.facebook.com/MunasarMohamedAbd,not crime-related
BREAKING NEWS: The opposition are taking a heavy decision after the failure of the collapsed conference. · See original · Rate this translation,https://www.facebook.com/MunasarMohamedAbd,not crime-related
BREAKING NEWS: The opposition are taking a heavy decision after the failure of the collapsed conference.,https://www.facebook.com/MunasarMohamedAbd,not crime-related
WAR IIDIKAA MUNAAFAQ AH EE NAGATAGA HADII AAD MUSLIIN TIIHIN,https://www.facebook.com/MunasarMohamedAbd,crime-related
Breaking news: Khadar Nur Mohamed who did something that the government couldn't encourage. · See original · Rate this translation,https://www.facebook.com/MunasarMohamedAbd,not crime-related
Breaking news: Khadar Nur Mohamed who did something that the government couldn't encourage.,https://www.facebook.com/MunasarMohamedAbd,not crime-related
Breaking news: Chairman Mungaab who has removed the sword and told that there will be no stop for those who ar… See more · See original · Rate this translation,https://www.facebook.com/MunasarMohamedAbd,not crime-related
Breaking news: Chairman Mungaab who has removed the sword and told that there will be no stop for those who ar… See more,https://www.facebook.com/MunasarMohamedAbd,not crime-related
Xasan Sheikh loves the ruling party and the opposition who wanted a seat failed to understand each other | The… See more · See original · Rate this translation,https://www.facebook.com/MunasarMohamedAbd,not crime-related
Xasan Sheikh loves the ruling party and the opposition who wanted a seat failed to understand each other | The… See more,https://www.facebook.com/MunasarMohamedAbd,not crime-related
Xasan Sheikh xukun jecel & mucaaradkii kursi doonka ahaa oo isfahmi waayay | Kursiga aan Soomaali waxba loogu qaban oo la isku heysto | Sii gudbi,https://www.facebook.com/MunasarMohamedAbd,crime-related
waxaan hubaa in ey guulaysan doonaan kuwii raaca jidkii nebi muxammad scw,https://www.facebook.com/MunasarMohamedAbd,crime-related
مريم حسين Is a thief hiding in a thief's house? 4d Like Reply 39,https://www.facebook.com/MunasarMohamedAbd,not crime-related
Hasaasi · Follow Bacdaa laguma afuri karee ummada canshuurta kadaaya bisha Ramadaan hadii aad run sheegaysaan 4d Like Reply See translation 7,https://www.facebook.com/MunasarMohamedAbd,not crime-related
Tarsan Muse Ciyalka xuxunka Nisa madaxa haloga istago Kißirkoda ßate 5d Like Reply See translation Edited 42,https://www.facebook.com/MunasarMohamedAbd,not crime-related
The program of health and fasting this week is about the impact of fasting on bones and muscles.… See more · See original · Rate this translation,https://www.facebook.com/MunasarMohamedAbd,not crime-related
The program of health and fasting this week is about the impact of fasting on bones and muscles.… See more,https://www.facebook.com/MunasarMohamedAbd,not crime-related
This kind of danger can come to your house. Ramadan and armed men who can join. · See original · Rate this translation,https://www.facebook.com/MunasarMohamedAbd,not crime-related
This kind of danger can come to your house. Ramadan and armed men who can join.,https://www.facebook.com/MunasarMohamedAbd,not crime-related
It's something that deserves to be appreciated that the administration of Banaadir region is giving free to th… See more · See original · Rate this translation,https://www.facebook.com/MunasarMohamedAbd,not crime-related
It's something that deserves to be appreciated that the administration of Banaadir region is giving free to th… See more,https://www.facebook.com/MunasarMohamedAbd,not crime-related
Bacdaa laguma afuri karee ummada canshuurta kadaaya bisha Ramadaan hadii aad run sheegaysaan,https://www.facebook.com/MunasarMohamedAbd,not crime-related
"Heart breaking: Axmed 56-year-old fasted today but didn't reach the fourth- you will wonder why! ""Shipping it up"" · See original · Rate this translation",https://www.facebook.com/MunasarMohamedAbd,not crime-related
"Heart breaking: Axmed 56-year-old fasted today but didn't reach the fourth- you will wonder why! ""Shipping it up""",https://www.facebook.com/MunasarMohamedAbd,not crime-related
"Qalbi Jab: Axmed 56-jir ahaa wuu soomay maanta balse ma gaarin afurka- Waxaad la yaabi doontaa sababta!"" Sii gudbi",https://www.facebook.com/MunasarMohamedAbd,not crime-related
Ciyalka xuxunka Nisa madaxa haloga istago Kißirkoda ßate,https://www.facebook.com/MunasarMohamedAbd,not crime-related
Ciyalka xuxunka Nisa madaxa haloga istago,https://www.facebook.com/MunasarMohamedAbd,not crime-related
Abdirisaqq Hassan Husein Waxba kamasobixin kac iyo kir baa kadhacday . 6d Like Reply See translation,https://www.facebook.com/MunasarMohamedAbd,not crime-related
Maria Muuse Lanbar on 6d Like Reply 3,https://www.facebook.com/MunasarMohamedAbd,not crime-related
Cadaawe Ahmed Ceeb queen 6d Like Reply See translation,https://www.facebook.com/MunasarMohamedAbd,not crime-related
Dayah Abdi Xasan sheikh haduu xarifyahay ragi ayaga aha mantu qol ku haaya kabtay ma aragtay haka yersiiyo 6d Like Reply See translation 23,https://www.facebook.com/MunasarMohamedAbd,not crime-related
Hasaasi · Follow Nin Qado ayuu u qaatay shir laba saacadood ah balse dadkii ay ka imaadeen abaar baa dhulka dhigtay waxa ay wataan waa hanti sh… See more 6d Like Reply See translation 18,https://www.facebook.com/MunasarMohamedAbd,not crime-related
Hassan Macalin Hasaasi Dalka Hassan sh baa masuul ka ah.....raggan maamulo ayey hogaamiyaan oo qarashkooda Hassan sh baa dhiibo ayaga wax gac… See more 6d Like Reply See translation,https://www.facebook.com/MunasarMohamedAbd,not crime-related
BREAKING NEWS: Xasan Sheikh Ahmed Madoobe Deni and Sheikh Sharif had a special meeting. What is happening? · See original · Rate this translation,https://www.facebook.com/MunasarMohamedAbd,not crime-related
BREAKING NEWS: Xasan Sheikh Ahmed Madoobe Deni and Sheikh Sharif had a special meeting. What is happening?,https://www.facebook.com/MunasarMohamedAbd,not crime-related
Waxba kamasobixin kac iyo kir baa kadhacday .,https://www.facebook.com/MunasarMohamedAbd,not crime-related
BREAKING Hassan Sheekh and the opposition are now sitting in front of each other. · See original · Rate this translation,https://www.facebook.com/MunasarMohamedAbd,not crime-related
BREAKING Hassan Sheekh and the opposition are now sitting in front of each other.,https://www.facebook.com/MunasarMohamedAbd,not crime-related
Xasan sheikh haduu xarifyahay ragi ayaga aha mantu qol ku haaya kabtay ma aragtay haka yersiiyo,https://www.facebook.com/MunasarMohamedAbd,not crime-related
BREAKING NEWS: The opposition who took their lunch has reached the place of promise! · See original · Rate this translation,https://www.facebook.com/MunasarMohamedAbd,not crime-related
BREAKING NEWS: The opposition who took their lunch has reached the place of promise!,https://www.facebook.com/MunasarMohamedAbd,not crime-related
Nin Qado ayuu u qaatay shir laba saacadood ah balse dadkii ay ka imaadeen abaar baa dhulka dhigtay waxa ay wataan waa hanti sh… See more,https://www.facebook.com/MunasarMohamedAbd,not crime-related
Hasaasi Dalka Hassan sh baa masuul ka ah.....raggan maamulo ayey hogaamiyaan oo qarashkooda Hassan sh baa dhiibo ayaga wax gac… See more,https://www.facebook.com/MunasarMohamedAbd,not crime-related
Nasir Yare Murusade wax walba ka surta gala 1w Like Reply See translation 42,https://www.facebook.com/MunasarMohamedAbd,not crime-related
Liipan Cade Somaliland waa gobol kamid ah somalia 1w Like Reply See translation 13,https://www.facebook.com/MunasarMohamedAbd,not crime-related
Movie Alcobendas That cultora coming from italiano No must Acecpet for Windows… See more 6d Like Reply,https://www.facebook.com/MunasarMohamedAbd,not crime-related
Terrifying incident: Khadro's corpse found inside her mother's house & the civilians were shocked | All of her… See more · See original · Rate this translation,https://www.facebook.com/MunasarMohamedAbd,not crime-related
Terrifying incident: Khadro's corpse found inside her mother's house & the civilians were shocked | All of her… See more,https://www.facebook.com/MunasarMohamedAbd,not crime-related
The opposition refused to surrender Hassan Sheikh and took a heavy decision against the man who changed the fa… See more · See original · Rate this translation,https://www.facebook.com/MunasarMohamedAbd,not crime-related
The opposition refused to surrender Hassan Sheikh and took a heavy decision against the man who changed the fa… See more,https://www.facebook.com/MunasarMohamedAbd,not crime-related
"Mucaaradka oo diidey iney isku dhiibaan Xasan Sheikh, Go'aan culusna ka qaatey Ninka wejiga u badashey ee MW Xasan Sheikh | No Villa Somalia | Sii gudbi",https://www.facebook.com/MunasarMohamedAbd,not crime-related
Today is world love day but do you have a love like this? · See original · Rate this translation,https://www.facebook.com/MunasarMohamedAbd,not crime-related
Today is world love day but do you have a love like this?,https://www.facebook.com/MunasarMohamedAbd,not crime-related
That cultora coming from italiano No must Acecpet for Windows… See more,https://www.facebook.com/MunasarMohamedAbd,not crime-related
"The Somali Police Commander, Supreme Guuto Asad Cismaan Abdullahi with the Ambassador of the Federal Governmen… See more · See original · Rate this translation",https://www.facebook.com/MunasarMohamedAbd,crime-related
"The Somali Police Commander, Supreme Guuto Asad Cismaan Abdullahi with the Ambassador of the Federal Governmen… See more",https://www.facebook.com/MunasarMohamedAbd,crime-related
Maxamed Cali Somaliland waa gobol kamid ah somalia 1w Like Reply See translation 34,https://www.facebook.com/MunasarMohamedAbd,not crime-related
Abdiraxiim Mohamed Maxamed Cali somalia waa gobol ka imid ah Ethiopia 1w Like Reply See translation 6,https://www.facebook.com/MunasarMohamedAbd,not crime-related
Daarul-CILMI QURAN online #OGEYSIIS . #OGAYSIIS … See more 1w Like Reply See translation,https://www.facebook.com/MunasarMohamedAbd/posts/pfbid0ypbFYJC4qZTujJbepBYzJLQs4qhJoRDdV26mUWRjNgfJ127X525xqawpiCAfuoPPl,not crime-related
Minaay Hassan Miro guntigada ku jiro miro geed saran loma daadsho dalka iyo dadka iyo badrolka badbadadoda wa xasan shekh 6d Like Reply See translation,https://www.facebook.com/MunasarMohamedAbd/posts/pfbid0k8CQTKtXiVeihabkbe64LteHDp8vCd1ckaZu1oLHHcgyxUX4oZMGhHfX15K3opaAl,not crime-related
Walal Ibra Kadarba Wax ka jiro Malaha WAA Xayeysiin Quus ah 1w Like Reply See translation Edited 9,https://www.facebook.com/MunasarMohamedAbd,not crime-related
RW Xamze oo caawa ku hor saqiirey Axmed Madoobe | Ninkii uu fagaaraha ka ceyn Jirey ayuu ugu tagay balse ? | Dowlada… See more,https://www.facebook.com/MunasarMohamedAbd,not crime-related
RW Xamze oo caawa ku hor saqiirey Axmed Madoobe | Ninkii uu fagaaraha ka ceyn Jirey ayuu ugu tagay balse ? | Dowlada oo hub soo degsatey caawa|,https://www.facebook.com/MunasarMohamedAbd,crime-related
Maxamed Cali somalia waa gobol ka imid ah Ethiopia,https://www.facebook.com/MunasarMohamedAbd,not crime-related
Ahmed Madobe refused to take pictures and count political points.… See more · See original · Rate this translation,https://www.facebook.com/MunasarMohamedAbd,not crime-related
Ahmed Madobe refused to take pictures and count political points.… See more,https://www.facebook.com/MunasarMohamedAbd,not crime-related
Axmed Madoobe waa diidey in la isku sawiro lagana tirsado dhibco siyaasadeed. Xamze ayaa la xasuustaa inuu si wax kala reebasho la’aan ah uu u weeraray tiro dhowr ah Madaxweynaha Jubbaland balse caawa ayuu Aiport Hotel ugu tagey ninkii afkiisa ka amman heli waayay ee fagaarayaasha uu ugu qaatay Micraphone-ka . Sidee u aragtaa go’aanka Axmed Madoobe ?,https://www.facebook.com/MunasarMohamedAbd,crime-related
"What does Hassan Sheekh want? He went to Ethiopia, with a strong debate between the opposition & DF where even… See more · See original · Rate this translation",https://www.facebook.com/MunasarMohamedAbd,not crime-related
"What does Hassan Sheekh want? He went to Ethiopia, with a strong debate between the opposition & DF where even… See more",https://www.facebook.com/MunasarMohamedAbd,not crime-related
"Hasan Sheekh muxuu damacsan yahay? Itoobiya ayuu u baxay, iyadoo dood adag oo masiirka dalka ka dhex taagantahay mucaaradka & DF oo xittaa madaxda mucaaradku sugayaan la kulankiisa. Xaley waxaa madaxda mucaaradka loo diidey xorriyad dhaqdhaqaaq, caawana waa loogu celiyay markale. Su’aashu waxay tahay Madaxweyne Hasan Sheekh muxuu damacsan yahay?",https://www.facebook.com/MunasarMohamedAbd,not crime-related
Miro guntigada ku jiro miro geed saran loma daadsho dalka iyo dadka iyo badrolka badbadadoda wa xasan shekh,https://www.facebook.com/MunasarMohamedAbd,not crime-related
"Good news for those who love money, what is new from Jubba Express? · See original · Rate this translation",https://www.facebook.com/MunasarMohamedAbd,not crime-related
"Good news for those who love money, what is new from Jubba Express?",https://www.facebook.com/MunasarMohamedAbd,not crime-related
"War farxad u ah inta Lacagta Jecel, Maxaase ka cusub Jubba Express? War culus.",https://www.facebook.com/MunasarMohamedAbd,crime-related
Wax ka jiro Malaha WAA Xayeysiin Quus ah,https://www.facebook.com/MunasarMohamedAbd,not crime-related
Dugsiga Alfaaruuq Online · Follow Xasan sh dalka dadka somaliyed allah dhafyo 1w Like Reply See translation,https://www.facebook.com/MunasarMohamedAbd/posts/pfbid07hJsu5Pii2cjDohQZPsBkXutijFFAguXdqLVTekdWy5gZETUymdZ3gz52j9Pkhfvl,not crime-related
Moha Abdullahi Dugsiga Alfaaruuq Online nio ciyaalka wax baar 1w Like Reply See translation,https://www.facebook.com/MunasarMohamedAbd/posts/pfbid07hJsu5Pii2cjDohQZPsBkXutijFFAguXdqLVTekdWy5gZETUymdZ3gz52j9Pkhfvl,not crime-related
سلطان عمر عبد العزيز Waar waxan dalay anigo jiira 14 waxan ii joga 2 ilmood الحمد لله ما شاء الله … See more 1w Like Reply See translation,https://www.facebook.com/MunasarMohamedAbd,not crime-related
Guards who are in the parliament at Airport Hotel have returned Rooble & Sheikh Sharif.… See more · See original · Rate this translation,https://www.facebook.com/MunasarMohamedAbd,not crime-related
Guards who are in the parliament at Airport Hotel have returned Rooble & Sheikh Sharif.… See more,https://www.facebook.com/MunasarMohamedAbd,not crime-related
Ilaalada joogta barkontaroolka laga galo Airport Hotel ayaa celiyay Rooble & Sheikh Shariif . Wax caadi ah ma aha waxay direysaa fariin adag waxayna muujineysa dowladu iney qaadey jidka awood adeegsiga . Rooble & Shariif labaduba waxay dib ugu noqdeen guryahooda iyagoo arintan u qaadan la’.,https://www.facebook.com/MunasarMohamedAbd,not crime-related
Xasan sh dalka dadka somaliyed allah dhafyo,https://www.facebook.com/MunasarMohamedAbd,not crime-related
Dugsiga Alfaaruuq Online nio ciyaalka wax baar,https://www.facebook.com/MunasarMohamedAbd,not crime-related
Who is responsible for this and can be blamed for this? · See original · Rate this translation,https://www.facebook.com/MunasarMohamedAbd,not crime-related
Who is responsible for this and can be blamed for this?,https://www.facebook.com/MunasarMohamedAbd,not crime-related
Waar waxan dalay anigo jiira 14 waxan ii joga 2 ilmood الحمد لله ما شاء الله … See more,https://www.facebook.com/MunasarMohamedAbd,not crime-related
Waar waxan dalay anigo jiira 14 waxan ii joga 2 ilmood الحمد لله,https://www.facebook.com/MunasarMohamedAbd,not crime-related
Young people pretending to be NISA who were shot in a bajaaj and carried by an armed man.… See more · See original · Rate this translation,https://www.facebook.com/MunasarMohamedAbd,crime-related
Young people pretending to be NISA who were shot in a bajaaj and carried by an armed man.… See more,https://www.facebook.com/MunasarMohamedAbd,crime-related
Siman Sumayo asc wllhygow icaawiya ilaahydrtisa hooyo agoonhysta ahy sonki waso dhwyhy afur igu caawiya619971124 ilaahay ha idin caawiyo a… See more 1w Like Reply See translation,https://www.facebook.com/MunasarMohamedAbd/posts/pfbid02kg5uL3jTXZpmEgaNyogF6et5F4SRtN5yAU3BdbwhiAgNmDZnGcSn3ru1JK4e5hXel,not crime-related
Kalimow Cali Ibraahim Plz ma idin kusoo gaari karaa hadaad kabihiina kacarari weysaane 1w Like Reply See translation,https://www.facebook.com/MunasarMohamedAbd/posts/pfbid02ko5KGFg8nJYPXf4rZMgqvf7xnapruLfwNv2TKeCLnFxDuEWUbJLsEGR9Ggi7aRZWl,not crime-related
Xassan Maxamed Cabdulle I'll.. l.. M 1w Like Reply,https://www.facebook.com/MunasarMohamedAbd/posts/pfbid0mZ6419jUM7cjyLmZLQuUsckdM8ThyHozrZ2JvWq8ypvgfR2egpzo2Bizn5qWZBdDl,not crime-related
Breaking news: There is now a war between the government soldiers in the junction of Fagax.… See more · See original · Rate this translation,https://www.facebook.com/MunasarMohamedAbd,crime-related
Breaking news: There is now a war between the government soldiers in the junction of Fagax.… See more,https://www.facebook.com/MunasarMohamedAbd,crime-related
Degdeg: Dagaal ayaa Hada wuxuu ciidan dowlada kawada tirsan ku dhexmarey Isgoyska Fagax . Sababta keentay ayaa lagu sheegay markii haweenay goobta ku ganacsaneysay la dhacay ayna u dacwootey ciidanka dhowaan laga keenay dalka Qatar .,https://www.facebook.com/MunasarMohamedAbd,crime-related
asc wllhygow icaawiya ilaahydrtisa hooyo agoonhysta ahy sonki waso dhwyhy afur igu caawiya619971124 ilaahay ha idin caawiyo a… See more,https://www.facebook.com/MunasarMohamedAbd,not crime-related
More than 100 people have blocked the road of Daljirka Daahsoon. They are complaining about land looting by go… See more · See original · Rate this translation,https://www.facebook.com/MunasarMohamedAbd,not crime-related
More than 100 people have blocked the road of Daljirka Daahsoon. They are complaining about land looting by go… See more,https://www.facebook.com/MunasarMohamedAbd,not crime-related
Dad careysan kana badan 100 qofood ayaa xirtey wadada Daljirka Daahsoon . Waxay ka cabanayaan dhul boob ay saraakiil dowladeed ka wadaan D/Hilwaa. Dadka oo u badan waayeelo ayaa habaar kii ugu dambeeyay u tiriyay madaxweynaha .,https://www.facebook.com/MunasarMohamedAbd,crime-related
Plz ma idin kusoo gaari karaa hadaad kabihiina kacarari weysaane,https://www.facebook.com/MunasarMohamedAbd,not crime-related
"The new terminal of Arimas has been opened at Aden Cadde airport, which the prime minister of Somalia has been … See more · See original · Rate this translation",https://www.facebook.com/MunasarMohamedAbd,not crime-related
"The new terminal of Arimas has been opened at Aden Cadde airport, which the prime minister of Somalia has been … See more",https://www.facebook.com/MunasarMohamedAbd,not crime-related
Ali Mahamud Ibar Tayo xumo & Dad xun dal xun … See more 1w Like Reply See translation 6,https://www.facebook.com/MunasarMohamedAbd/posts/pfbid02HWHvqkfN5iLck1EAkEQBzxmZshBGNiucWNXffij8u5MQucNKnd4VmSU664GrqdxCl,not crime-related
Abu Shurufle Afar murusade ah oo qeyre iyo jacfar staff u ahay oo mooryan ah waaye askarta dowlada data beys ayaa la miyay 27 bisha ayana lacagtu u dhacdaa 1w Like Reply See translation 7,https://www.facebook.com/MunasarMohamedAbd,not crime-related
Ismaaciil Maxamud Xasan F17 ayuu hestaa madax weynaha halka ay kaheystasn xilibanada iphone 17 marka maxo katuuga xiliban aan caloshiisa kabadneen sidii warye yaasha cml 1w Like Reply See translation Edited 16,https://www.facebook.com/MunasarMohamedAbd,crime-related
Breaking news: This airplane that is now above Adan Cadde airport crashed into a distance of the airport. The … See more · See original · Rate this translation,https://www.facebook.com/MunasarMohamedAbd,not crime-related
Breaking news: This airplane that is now above Adan Cadde airport crashed into a distance of the airport. The … See more,https://www.facebook.com/MunasarMohamedAbd,not crime-related
Degdeg: Diyaaradan oo hadda ka dushey garoonka Aadan Cadde ayaa ku dhacdey meel aan ka fogeyn xeyndaabka garoonka.Diyaarada waxaa ku qoran StarSky . Waxyeelada lama oga.,https://www.facebook.com/MunasarMohamedAbd,not crime-related
An angry military soldier has blocked the road. The soldiers are saying that they have lost their rights. Here is Deyniile. · See original · Rate this translation,https://www.facebook.com/MunasarMohamedAbd,crime-related
An angry military soldier has blocked the road. The soldiers are saying that they have lost their rights. Here is Deyniile.,https://www.facebook.com/MunasarMohamedAbd,crime-related
Afar murusade ah oo qeyre iyo jacfar staff u ahay oo mooryan ah waaye askarta dowlada data beys ayaa la miyay 27 bisha ayana lacagtu u dhacdaa,https://www.facebook.com/MunasarMohamedAbd,not crime-related
Madaxweyne Xasan Sheikh oo aad loo nacey & Khaliif C/Qaadir Macalin Nuur oo weerarkii ugu cuslaa ku qaadey birmadaha |… See more,https://www.facebook.com/MunasarMohamedAbd,crime-related
Madaxweyne Xasan Sheikh oo aad loo nacey & Imaam C/Qaadir Macalin Nuur oo weerarkii ugu cuslaa ku qaadey birmadaha | Indho adeegii Farmaajo laga diidey ayuu wataa Xasan.,https://www.facebook.com/MunasarMohamedAbd,crime-related
F17 ayuu hestaa madax weynaha halka ay kaheystasn xilibanada iphone 17 marka maxo katuuga xiliban aan caloshiisa kabadneen sidii warye yaasha cml,https://www.facebook.com/MunasarMohamedAbd,crime-related
Zuldan Aarka Bilaa sharic Hala dilo kuwan cawanta 2w Like Reply See translation 42,https://www.facebook.com/MunasarMohamedAbd,crime-related
Hassan Moallim Ali · Follow Imtixaankan iyo jahawareerkan aad ku jirtaan kama bixi doontaan ilaa aad si dhab ah ugu laabtaan Kitaabka Alle iyo Sunnada Rasuulka (SCW). 2w Like Reply See translation 12,https://www.facebook.com/MunasarMohamedAbd,crime-related
Hassan Dahir Dowladii waa burburtay sababtoo ah sharcigii iyo wixii lagu heshay lagu kala tagay Dalkiina askar la wareegty 2w Like Reply See translation 5,https://www.facebook.com/MunasarMohamedAbd,crime-related
Terrifying incident:- Soldiers who killed two men who were born together and the police arrested | The news th… See more · See original · Rate this translation,https://www.facebook.com/MunasarMohamedAbd,crime-related
Terrifying incident:- Soldiers who killed two men who were born together and the police arrested | The news th… See more,https://www.facebook.com/MunasarMohamedAbd,crime-related
Dhacdo argagax leh :- Manaxayaal Askar ah oo gurigooda dhexdiis ku dhex diley Labo nin oo isla dhashey & Boliiska oo soo qabtey | Warka ay sheegen oo naxdin kale leh.,https://www.facebook.com/MunasarMohamedAbd,crime-related
iiOTr2ynqvMIQJJ52MRV4Zn3IUmoYhH9Y3w3b09u,https://www.facebook.com/MunasarMohamedAbd,not crime-related
What happened in the parliament when the CC cameras were turned off? What was the unexpected step of Abdirahma… See more · See original · Rate this translation,https://www.facebook.com/MunasarMohamedAbd,not crime-related
What happened in the parliament when the CC cameras were turned off? What was the unexpected step of Abdirahma… See more,https://www.facebook.com/MunasarMohamedAbd,not crime-related
Maxaa Ka Dhacay Xarunta Golaha Shacabka Markii La Damiyay Kaamirooyinka CC? Maxayse Aheyd Tallaabadii Lama Filaan Ka Aheyd ee C/Raxmaan C/Shakuur?,https://www.facebook.com/MunasarMohamedAbd,not crime-related
MP Sareedo Jeyte who told the truth and said there is no constitution. President fear Allah the ministers are here. · See original · Rate this translation,https://www.facebook.com/MunasarMohamedAbd,not crime-related
MP Sareedo Jeyte who told the truth and said there is no constitution. President fear Allah the ministers are here.,https://www.facebook.com/MunasarMohamedAbd,not crime-related
Imtixaankan iyo jahawareerkan aad ku jirtaan kama bixi doontaan ilaa aad si dhab ah ugu laabtaan Kitaabka Alle iyo Sunnada Rasuulka (SCW).,https://www.facebook.com/MunasarMohamedAbd,crime-related
Buuqii oo cirka isku toley. Xaaladu ma sahlana .,https://www.facebook.com/MunasarMohamedAbd,not crime-related
Dowladii waa burburtay sababtoo ah sharcigii iyo wixii lagu heshay lagu kala tagay Dalkiina askar la wareegty,https://www.facebook.com/MunasarMohamedAbd,crime-related
Dowladii waa burburtay sababtoo ah sharcigii iyo wixii lagu heshay lagu kala tagay,https://www.facebook.com/MunasarMohamedAbd,not crime-related
Najiib Alpha Ciidanka Xooga dalka alle ha idiin guuleeyo 2w Like Reply See translation 164,https://www.facebook.com/MunasarMohamedAbd,crime-related
Abafaasjoi Afj Doowladdan waa doowladda ugu dhow inay koontoroosho shacabka li'ana hadaan shacabka lakoontoroolin munaafiq iyo mujrim kastaab… See more 2w Like Reply See translation Edited 4,https://www.facebook.com/MunasarMohamedAbd,not crime-related
Apdinaasir Maxamed Interlock mayale meshaan waa lwaa bacaad wana wadada shirkole ilaa black sea isku xirto waye laami xita masarno borkedaa kacaayo. Bacaad waye 2w Like Reply See translation 3,https://www.facebook.com/MunasarMohamedAbd,not crime-related
Filge Hashi Hussein Not every smile shows true 2w Like Reply 4,https://www.facebook.com/MunasarMohamedAbd/posts/pfbid02MSYNuL4LNfjK5sQGgAfZpAWbK2T3FZHiAvUS7J2GiMrkRGnD3eYNsscQkMPqoEWGl,not crime-related
Top fan Manal Sharif Waa mamo iman leh 2w Like Reply See translation,https://www.facebook.com/MunasarMohamedAbd/posts/pfbid0XbBj8AcqZWVRq7gmviuGVtayGRqLPJkvj6uzNpKSbXEnxwsYxg8EPQWgqFh26kB9l,not crime-related
Breaking:- AS has been taught a heavy lesson tonight | What Zoobe did to them happened to them | The latest ne… See more · See original · Rate this translation,https://www.facebook.com/MunasarMohamedAbd,not crime-related
Breaking:- AS has been taught a heavy lesson tonight | What Zoobe did to them happened to them | The latest ne… See more,https://www.facebook.com/MunasarMohamedAbd,not crime-related
Degdeg:- AS oo caawa cashir culus loo dhigey | Wixii Zoobe ay ka geysteen oo kale ayaa ku dhacey | Xogtii u dambeysay duqeynta dhacdey waa tan . Sii gudbi,https://www.facebook.com/MunasarMohamedAbd,not crime-related
Ciidanka Xooga dalka alle ha idiin guuleeyo,https://www.facebook.com/MunasarMohamedAbd,crime-related
The deputy prime minister of the country Mr. Saalax Ahmed Jaamac responded to Donald Trump who has wronged Somalis recently. · See original · Rate this translation,https://www.facebook.com/MunasarMohamedAbd,not crime-related
The deputy prime minister of the country Mr. Saalax Ahmed Jaamac responded to Donald Trump who has wronged Somalis recently.,https://www.facebook.com/MunasarMohamedAbd,not crime-related
RW ku xigeenka Dalka oo si kulul ugu jawaabey Donald Trump oo beryahan Soomaalida aad ugu gafey.,https://www.facebook.com/MunasarMohamedAbd,not crime-related
Doowladdan waa doowladda ugu dhow inay koontoroosho shacabka li'ana hadaan shacabka lakoontoroolin munaafiq iyo mujrim kastaab… See more,https://www.facebook.com/MunasarMohamedAbd,not crime-related
Chairman Muungaab has walked on the road of Shirkole Officers today and the plan is to start construction soon… See more · See original · Rate this translation,https://www.facebook.com/MunasarMohamedAbd,not crime-related
Chairman Muungaab has walked on the road of Shirkole Officers today and the plan is to start construction soon… See more,https://www.facebook.com/MunasarMohamedAbd,not crime-related
Interlock mayale meshaan waa lwaa bacaad wana wadada shirkole ilaa black sea isku xirto waye laami xita masarno borkedaa kacaayo. Bacaad waye,https://www.facebook.com/MunasarMohamedAbd,not crime-related
Not every smile shows true friendship and you can ask about that Lafta Gareen. · See original · Rate this translation,https://www.facebook.com/MunasarMohamedAbd,not crime-related
Not every smile shows true friendship and you can ask about that Lafta Gareen.,https://www.facebook.com/MunasarMohamedAbd,not crime-related
Qosol walba ma muujiyo saaxiibtinimo dhab ah taasna waxaad ka wareeysan kartaa Lafta Gareen .,https://www.facebook.com/MunasarMohamedAbd,crime-related
"Whenever you reach the success you wanted, go back to Allah and prostrate. You will reach many victories in th… See more · See original · Rate this translation",https://www.facebook.com/MunasarMohamedAbd,not crime-related
"Whenever you reach the success you wanted, go back to Allah and prostrate. You will reach many victories in th… See more",https://www.facebook.com/MunasarMohamedAbd,not crime-related
Markasta oo aad guul aad rabtey gaarto Alle u laabo una sajuud. Waxaad gaareeysaa guulo badan oo Adduun & Aakhiraba ah . Dr Maryan Khaasim inta dadku eysan u mahadcelin Alle ayay xasuusatey waana sababta guusheeda .,https://www.facebook.com/MunasarMohamedAbd,not crime-related
"Abdiwali Omar, one of the most influential youth in Mogadishu, has given medical advice and computer checkup a… See more · See original · Rate this translation",https://www.facebook.com/MunasarMohamedAbd,not crime-related
"Abdiwali Omar, one of the most influential youth in Mogadishu, has given medical advice and computer checkup a… See more",https://www.facebook.com/MunasarMohamedAbd,not crime-related
Cusmaan Cabdule Asc 2w Like Reply,https://www.facebook.com/MunasarMohamedAbd/posts/pfbid0JoeaSpL269gGdmCyt65WsqKz72YbZCqpB2kaGr1mWiEBneEZNeVDbWKWsEozBLFXl,not crime-related
Suldanka Reer Abdulahi M.a mar qan boy 2w Like Reply,https://www.facebook.com/MunasarMohamedAbd/posts/pfbid02YFBxsUNFCfRW2MaiF8dwDNnLEQfPxHD9PQea6bHtgZfigiNQNGJdL8mDwoA2XyRUl,not crime-related
Jowhara Sheekh Cabdulaahi They've gone beyond advertising 2w Like Reply 18,https://www.facebook.com/MunasarMohamedAbd,not crime-related
Health has no shame everyone should seek medicine when these situations arise. · See original · Rate this translation,https://www.facebook.com/MunasarMohamedAbd,not crime-related
Health has no shame everyone should seek medicine when these situations arise.,https://www.facebook.com/MunasarMohamedAbd,not crime-related
The Somali Police Commander Sarreye Guuto Asad Osman Abdullahi welcomed senior members from the Turkish govern… See more · See original · Rate this translation,https://www.facebook.com/MunasarMohamedAbd,crime-related
The Somali Police Commander Sarreye Guuto Asad Osman Abdullahi welcomed senior members from the Turkish govern… See more,https://www.facebook.com/MunasarMohamedAbd,crime-related
The Somali students who used to have a problem has found a solution | UK or USA you can even go to their unive… See more · See original · Rate this translation,https://www.facebook.com/MunasarMohamedAbd,not crime-related
The Somali students who used to have a problem has found a solution | UK or USA you can even go to their unive… See more,https://www.facebook.com/MunasarMohamedAbd,not crime-related
Dhib heysan jirey Ardeyda Soomaaliyeed oo xal loo helay | UK ama USA xittaa jaamacadooda ayaad toos u geli kartaa adigoo Englishka biyo oo kale u cabaya |,https://www.facebook.com/MunasarMohamedAbd,not crime-related
Faadumo Maxamuud Kkkkkk ar munasar aa 3w Like Reply See translation 2,https://www.facebook.com/MunasarMohamedAbd/posts/pfbid035q5abnejqE8oUWoy9DyZhsNYgkzkPbmvMf5EXjxbYcGR51nAxoVJQphomLbmog8Vl,not crime-related
Nimco Hassan Konfur galbed haddu ka dhici laha cadalad beey heli leheed iyada io familkeda gobalka cadalada waa konfur galbed yaa rabi xaqe… See more 3w Like Reply See translation Edited 113,https://www.facebook.com/MunasarMohamedAbd,not crime-related
Mohsen Mana Dhagahaka qaban laha 2w Like Reply See translation,https://www.facebook.com/MunasarMohamedAbd/posts/pfbid0T3fLR8SfQJoyBatwVvQxMynES2FPXWkZL6RbK2QjpjB593aFXQrRjzk33aeF4EnFl,not crime-related
Fiqi Cumar · Follow Ma shir dhacay oo Coffee lagu cabbay kadibna lagu kala tagay baad guul la dhigaysaa Munasar Maxamed ow. Ficilka iyo xaqiida is waafaji 3w Like Reply See translation 2,https://www.facebook.com/MunasarMohamedAbd,not crime-related
The Federal Government has retreated many soldiers from Garoowe and Kismayo.… See more · See original · Rate this translation,https://www.facebook.com/MunasarMohamedAbd,not crime-related
The Federal Government has retreated many soldiers from Garoowe and Kismayo.… See more,https://www.facebook.com/MunasarMohamedAbd,not crime-related
DF waxay dib u celisey askar xad dhaaf ah oo Garoowe & Kismaayo ka kala imaan lahaa . Amniga labada masuul waa Maodobe & Deni waxaa ku filan ciidanka Qaranka balse labadan masuul ma aaminsana ninka dadka hortood ka caddeeyay in marba uu nuuc yahay oo isbadbadalo waa Xasan Sheikhe . Adigu nin toos u cadeeystay inuu gelinba nuuc uu noqdo miyaad naftaada ku aamini lahayd ?,https://www.facebook.com/MunasarMohamedAbd,crime-related
Breaking news:- Luusiina was arrested while she was looking for a lawyer. · See original · Rate this translation,https://www.facebook.com/MunasarMohamedAbd,crime-related
Breaking news:- Luusiina was arrested while she was looking for a lawyer.,https://www.facebook.com/MunasarMohamedAbd,crime-related
Degdeg:- Luusiina oo la xirey iyada oo fakineysa Garyaqaan .,https://www.facebook.com/MunasarMohamedAbd,not crime-related
"Breaking news"" Qaryaqaan has been imprisoned | Macalin Mahdi who put his cousin in jail tonight and refused to… See more · See original · Rate this translation",https://www.facebook.com/MunasarMohamedAbd,crime-related
"Breaking news"" Qaryaqaan has been imprisoned | Macalin Mahdi who put his cousin in jail tonight and refused to… See more",https://www.facebook.com/MunasarMohamedAbd,crime-related
An incident that shocked the people of Beledweyne has occurred | Why are these three boys who were committed t… See more · See original · Rate this translation,https://www.facebook.com/MunasarMohamedAbd,not crime-related
An incident that shocked the people of Beledweyne has occurred | Why are these three boys who were committed t… See more,https://www.facebook.com/MunasarMohamedAbd,not crime-related
Dhacdo ka nixisey dadka Beledweyne oo dhacdey | Maxaa loo qaban la'yahay saddexdan wiil ee falka qalbi jabka laga qaadey sameeyay ? Sii gudbi sabab u noqo in la qabto,https://www.facebook.com/MunasarMohamedAbd,not crime-related
Konfur galbed haddu ka dhici laha cadalad beey heli leheed iyada io familkeda gobalka cadalada waa konfur galbed yaa rabi xaqe… See more,https://www.facebook.com/MunasarMohamedAbd,not crime-related
Meeshaas ayuu isku maqiiqey laakiin muxuu ka faa’iidey? Darawalada bajaajta qaarkood waaba kaa yaabinayaan . … See more,https://www.facebook.com/MunasarMohamedAbd,not crime-related
A historic victory reached Somalia and President Hassan became present on a big day that was made possible by … See more · See original · Rate this translation,https://www.facebook.com/MunasarMohamedAbd,not crime-related
A historic victory reached Somalia and President Hassan became present on a big day that was made possible by … See more,https://www.facebook.com/MunasarMohamedAbd,not crime-related
Ma shir dhacay oo Coffee lagu cabbay kadibna lagu kala tagay baad guul la dhigaysaa Munasar Maxamed ow. Ficilka iyo xaqiida is waafaji,https://www.facebook.com/MunasarMohamedAbd,not crime-related
Kaizer Dahir Waxa ahay Duduble ha kaliya aan tagin halkaan 2030 aadi raba 3w Like Reply See translation,https://www.facebook.com/MunasarMohamedAbd,not crime-related
Maxamed Cali Suraadatu luqman rabi subxanahu watacaala ayaada u dambeysa waxa inogu shega 5 wax ok alllah asiga shegi karo cid kle ana she… See more 3w Like Reply See translation 4,https://www.facebook.com/MunasarMohamedAbd,not crime-related
Filsan Daahir Iska dhiciya tuugada iyo daba dhilifka maqaarow waaa idin ka hayaaa 3w Like Reply See translation 16,https://www.facebook.com/MunasarMohamedAbd,crime-related
Farhiyo Ciise Filsan Daahir maqar markaad leedahay waa murusade koow dagaalana wiilku. Madhasho wiil baa ku dhinta 3w Like Reply See translation,https://www.facebook.com/MunasarMohamedAbd,crime-related
Siidcali Mustaf ilmihii miyaa hadana 3w Like Reply See translation,https://www.facebook.com/MunasarMohamedAbd/posts/pfbid02KQU3VWV8CpudxrWojxQBDbmZc7xDe7n9kBxLTsa83noCsnebUVd12eHh6qRwD3Dl,not crime-related
